Gene,ALL.1,ALL.2,ALL.3,ALL.4,ALL.5,ALL.6,ALL.7,ALL.8,ALL.9,ALL.10,ALL.11,ALL.12,ALL.13,ALL.14,ALL.15,ALL.16,ALL.17,ALL.18,ALL.19,ALL.20,ALL.21,ALL.22,ALL.23,ALL.24,ALL.25,ALL.26,ALL.27,AML.1,AML.2,AML.3,AML.4,AML.5,AML.6,AML.7,AML.8,AML.9,AML.10,AML.11
AFFX-BioB-5_at,-0.812783205,-0.758265083,-0.839064463,-0.784709737,-0.7755864,-0.713315404,-0.777728613,-0.79610824,-0.815904802,-0.698451985,-0.728398854,-0.612644095,-0.755978773,-0.775467814,-0.762200776,-0.772811072,-0.871949901,-0.697618426,-0.693930366,-0.862045503,-0.654408439,-0.674705947,-0.71325855,-0.812765846,-0.70922121,-0.722918664,-0.755562864,-0.79306308,-0.636282809,-0.752429872,-0.723736019,-0.806183295,-0.839352008,-0.764914799,-0.722462077,-0.788780832,-0.767294482,-0.771805737
AFFX-BioB-M_at,-0.812783205,-0.758265083,-0.839064463,-0.784709737,-0.7755864,-0.713315404,-0.777728613,-0.79610824,-0.815904802,-0.698451985,-0.728398854,-0.612644095,-0.755978773,-0.775467814,-0.762200776,-0.772811072,-0.871949901,-0.697618426,-0.693930366,-0.862045503,-0.654408439,-0.674705947,-0.71325855,-0.812765846,-0.70922121,-0.722918664,-0.755562864,-0.79306308,-0.636282809,-0.752429872,-0.723736019,-0.806183295,-0.839352008,-0.764914799,-0.722462077,-0.788780832,-0.767294482,-0.771805737
AFFX-BioB-3_at,-0.812783205,-0.758265083,-0.839064463,0.063818158,-0.7755864,-0.019630584,-0.015801401,-0.79610824,-0.769453953,-0.698451985,-0.728398854,-0.612644095,-0.755978773,-0.775467814,-0.762200776,-0.772811072,-0.871949901,-0.697618426,-0.693930366,-0.862045503,-0.654408439,-0.674705947,-0.71325855,-0.812765846,-0.70922121,-0.722918664,-0.755562864,-0.79306308,-0.636282809,-0.752429872,-0.723736019,-0.806183295,-0.839352008,-0.764914799,-0.722462077,-0.542333336,-0.588784713,-0.771805737
AFFX-BioC-5_at,-0.812783205,0.11262676,0.091738422,-0.784709737,-0.327851161,-0.713315404,-0.777728613,-0.79610824,-0.03003067,0.003929655,-0.728398854,-0.612644095,-0.290454976,-0.006019089,-0.428565556,0.060227847,-0.007665806,-0.697618426,-0.025590363,-0.277927855,-0.397160061,-0.674705947,-0.71325855,-0.006666063,0.322441723,-0.722918664,-0.755562864,-0.046929396,-0.022907748,0.175538396,-0.0003227,0.193624536,0.141235284,-0.756274027,-0.463359347,0.13845384,0.210810124,0.412805511
AFFX-BioC-3_at,-0.812783205,-0.758265083,-0.839064463,-0.784709737,-0.7755864,-0.713315404,-0.777728613,-0.79610824,-0.815904802,-0.698451985,-0.728398854,-0.612644095,-0.755978773,-0.775467814,-0.762200776,-0.772811072,-0.871949901,-0.697618426,-0.693930366,-0.862045503,-0.654408439,-0.674705947,-0.71325855,-0.812765846,-0.70922121,-0.722918664,-0.755562864,-0.79306308,-0.636282809,-0.752429872,-0.723736019,-0.806183295,-0.839352008,-0.764914799,-0.722462077,-0.788780832,-0.767294482,-0.771805737
AFFX-BioDn-5_at,-0.812783205,-0.758265083,-0.839064463,-0.784709737,-0.7755864,-0.713315404,-0.777728613,-0.79610824,-0.815904802,-0.698451985,-0.728398854,-0.612644095,-0.755978773,-0.775467814,-0.762200776,-0.772811072,-0.871949901,-0.697618426,-0.693930366,-0.862045503,-0.654408439,-0.674705947,-0.71325855,-0.812765846,-0.70922121,-0.722918664,-0.755562864,-0.79306308,-0.636282809,-0.752429872,-0.723736019,-0.806183295,-0.839352008,-0.764914799,-0.722462077,-0.788780832,-0.767294482,-0.771805737
AFFX-BioDn-3_at,-0.223529631,-0.758265083,-0.839064463,-0.386439865,-0.7755864,-0.713315404,-0.540453895,-0.79610824,-0.815904802,0.365864596,-0.728398854,-0.612644095,-0.755978773,-0.775467814,-0.762200776,-0.045439603,-0.871949901,-0.697618426,-0.693930366,0.023679732,-0.654408439,-0.674705947,-0.71325855,-0.812765846,-0.70922121,-0.722918664,0.54803883,-0.79306308,-0.636282809,0.206317804,-0.723736019,-0.806183295,-0.839352008,-0.764914799,-0.722462077,-0.788780832,-0.767294482,-0.771805737
AFFX-CreX-5_at,-0.812783205,-0.758265083,-0.839064463,-0.784709737,-0.7755864,-0.713315404,-0.777728613,-0.79610824,-0.815904802,-0.698451985,-0.728398854,-0.612644095,-0.755978773,-0.775467814,-0.762200776,-0.772811072,-0.871949901,-0.697618426,-0.693930366,-0.862045503,-0.654408439,-0.674705947,-0.71325855,-0.812765846,-0.70922121,-0.722918664,-0.755562864,-0.79306308,-0.636282809,-0.752429872,-0.723736019,-0.806183295,-0.839352008,-0.764914799,-0.722462077,-0.788780832,-0.767294482,-0.771805737
AFFX-CreX-3_at,-0.021335092,-0.749934932,-0.24279248,-0.784709737,-0.7755864,-0.713315404,-0.574649141,-0.79610824,-0.815904802,-0.186850045,-0.728398854,-0.612644095,-0.755978773,-0.775467814,-0.762200776,-0.772811072,-0.871949901,-0.697618426,-0.693930366,-0.862045503,-0.440264638,-0.473390927,-0.582697972,-0.287677307,-0.26565074,-0.449139053,-0.29991187,-0.449131775,-0.636282809,-0.712638687,-0.723736019,-0.806183295,-0.25603744,-0.395616336,0.248387072,-0.6493581,-0.767294482,0.019283468
AFFX-BioB-5_st,-0.193925994,-0.758265083,-0.839064463,-0.784709737,0.022077885,-0.117455435,-0.777728613,-0.79610824,0.476617282,-0.156980364,0.362132834,-0.612644095,-0.048582543,-0.669553716,-0.762200776,-0.772811072,-0.442042119,-0.697618426,-0.693930366,0.296283291,-0.654408439,-0.674705947,-0.71325855,-0.812765846,-0.70922121,-0.722918664,0.384315052,-0.79306308,0.908835659,-0.334192704,-0.723736019,-0.332781388,0.101975231,-0.764914799,0.121408994,-0.788780832,0.291062911,0.723644569
AFFX-BioB-M_st,-0.812783205,-0.758265083,-0.839064463,0.337797107,-0.397358714,0.354809256,-0.777728613,0.314382253,0.016195653,-0.698451985,-0.107775179,0.09772333,-0.755978773,-0.228406155,-0.16162159,-0.772811072,-0.871949901,-0.697618426,-0.693930366,-0.862045503,-0.654408439,-0.674705947,0.197140002,-0.812765846,-0.70922121,-0.722918664,-0.755562864,-0.79306308,-0.636282809,-0.752429872,-0.38912094,-0.123385084,-0.156629996,0.047979784,-0.369282305,-0.788780832,-0.767294482,0.1054076
AFFX-BioB-3_st,-0.812783205,-0.758265083,-0.839064463,-0.784709737,-0.7755864,-0.713315404,-0.777728613,-0.79610824,-0.815904802,-0.698451985,-0.728398854,-0.612644095,-0.755978773,-0.775467814,-0.762200776,-0.772811072,-0.871949901,-0.697618426,-0.693930366,-0.862045503,-0.654408439,-0.674705947,-0.71325855,-0.812765846,-0.70922121,-0.722918664,-0.755562864,-0.79306308,-0.636282809,-0.752429872,-0.723736019,-0.806183295,-0.839352008,-0.764914799,-0.722462077,-0.788780832,-0.767294482,-0.771805737
AFFX-BioC-5_st,-0.812783205,-0.758265083,-0.839064463,-0.784709737,-0.7755864,-0.713315404,-0.777728613,-0.79610824,-0.815904802,-0.698451985,-0.728398854,-0.612644095,-0.755978773,-0.775467814,-0.762200776,-0.772811072,-0.871949901,-0.697618426,-0.693930366,-0.862045503,-0.654408439,-0.674705947,-0.71325855,-0.812765846,-0.70922121,-0.722918664,-0.755562864,-0.79306308,-0.636282809,-0.752429872,-0.723736019,-0.806183295,-0.839352008,-0.764914799,-0.722462077,-0.788780832,-0.767294482,-0.771805737
AFFX-BioC-3_st,-0.812783205,-0.758265083,-0.839064463,-0.784709737,-0.7755864,-0.713315404,-0.777728613,-0.79610824,-0.815904802,-0.698451985,-0.728398854,-0.612644095,-0.755978773,-0.775467814,-0.762200776,-0.772811072,-0.871949901,-0.697618426,-0.693930366,-0.862045503,-0.654408439,-0.674705947,-0.71325855,-0.812765846,-0.70922121,-0.722918664,-0.755562864,-0.79306308,-0.636282809,-0.752429872,-0.723736019,-0.806183295,-0.839352008,-0.764914799,-0.722462077,-0.788780832,-0.767294482,-0.771805737
AFFX-BioDn-5_st,-0.812783205,-0.256935179,-0.234820875,-0.479400421,-0.7755864,-0.713315404,-0.702003673,-0.79610824,0.038340986,0.059452302,-0.728398854,-0.612644095,-0.755978773,-0.775467814,-0.762200776,-0.178907657,-0.871949901,-0.054829665,-0.693930366,-0.459934323,0.443395817,-0.543907761,-0.71325855,-0.812765846,-0.70922121,-0.722918664,0.148188117,0.130297586,-0.636282809,-0.155141725,-0.723736019,-0.806183295,0.187768381,-0.034105847,-0.722462077,0.443010796,-0.767294482,-0.771805737
AFFX-BioDn-3_st,0.332636218,-0.344118619,0.368201315,0.083311769,-0.123029528,0.009404226,0.514125097,0.097663357,-0.383574339,0.31529276,-0.038097905,-0.612644095,-0.001885787,-0.29050341,-0.762200776,0.214239813,-0.211883943,0.29693127,-0.693930366,-0.862045503,-0.654408439,-0.577039154,-0.71325855,-0.145623626,-0.70922121,0.07857105,0.279741295,0.276818923,-0.636282809,-0.752429872,-0.01172599,-0.328036818,-0.364934288,-0.072367124,-0.173904008,0.086390401,-0.767294482,-0.771805737
AFFX-CreX-5_st,-0.812783205,-0.758265083,-0.839064463,-0.784709737,-0.7755864,-0.713315404,-0.777728613,-0.79610824,-0.815904802,-0.698451985,-0.728398854,-0.612644095,-0.755978773,-0.775467814,-0.762200776,-0.772811072,-0.871949901,-0.697618426,-0.693930366,-0.862045503,-0.654408439,-0.674705947,-0.71325855,-0.812765846,-0.70922121,-0.722918664,-0.755562864,-0.79306308,-0.636282809,-0.752429872,-0.723736019,-0.806183295,-0.839352008,-0.764914799,-0.722462077,-0.788780832,-0.767294482,-0.771805737
AFFX-CreX-3_st,-0.812783205,-0.758265083,-0.839064463,-0.784709737,-0.7755864,-0.713315404,-0.777728613,-0.79610824,-0.815904802,-0.698451985,-0.728398854,-0.612644095,-0.755978773,-0.775467814,-0.762200776,-0.772811072,-0.871949901,-0.697618426,-0.693930366,-0.862045503,-0.654408439,-0.674705947,-0.71325855,-0.812765846,-0.70922121,-0.722918664,-0.755562864,-0.79306308,-0.636282809,-0.752429872,-0.723736019,-0.806183295,-0.839352008,-0.764914799,-0.722462077,-0.788780832,-0.767294482,-0.771805737
hum_alu_at,3.483031299,3.179738441,3.348231653,3.621140394,3.604447034,3.885925527,3.681861812,3.594246319,3.192803041,3.848941669,3.689546126,4.310070544,3.554406028,3.55278317,3.217113562,3.706255446,3.005604864,4.043117627,3.968220931,2.264305446,4.048152763,4.074967082,4.02778623,3.501419942,3.841444526,3.59732344,3.862292787,3.511897114,4.098151176,3.150888856,3.684245874,3.443840183,3.256951181,3.642317947,4.013997104,3.278946385,3.444328853,3.629149334
AFFX-DapX-5_at,-0.812783205,-0.758265083,-0.340470722,-0.784709737,-0.7755864,-0.713315404,-0.777728613,0.257433248,-0.815904802,-0.698451985,-0.728398854,-0.612644095,-0.755978773,-0.775467814,-0.762200776,-0.772811072,-0.871949901,-0.697618426,-0.693930366,-0.862045503,-0.654408439,-0.674705947,-0.71325855,-0.812765846,-0.70922121,-0.722918664,-0.262106801,-0.79306308,-0.636282809,-0.752429872,-0.723736019,-0.806183295,-0.839352008,-0.764914799,-0.722462077,-0.788780832,-0.767294482,-0.665824281
AFFX-DapX-M_at,0.158800638,-0.513249909,0.258030609,0.073619518,-0.632742273,-0.322024103,-0.777728613,0.059909081,-0.312667119,-0.698451985,-0.606735913,-0.010709841,-0.755978773,-0.521839614,-0.303616128,-0.030090617,-0.871949901,-0.697618426,-0.099489007,-0.459934323,0.037458658,0.193981185,0.060744747,-0.812765846,-0.70922121,-0.298887132,0.424987349,-0.132009351,-0.458460425,-0.645568787,-0.723736019,0.291693637,-0.139492925,-0.293965535,-0.722462077,-0.788780832,0.104727844,-0.060930733
AFFX-DapX-3_at,-0.812783205,-0.758265083,-0.839064463,-0.784709737,-0.7755864,-0.713315404,-0.777728613,-0.79610824,-0.815904802,-0.698451985,-0.728398854,-0.612644095,-0.755978773,-0.775467814,-0.762200776,-0.772811072,-0.871949901,-0.697618426,-0.693930366,-0.862045503,-0.654408439,-0.674705947,-0.71325855,-0.812765846,-0.70922121,-0.722918664,-0.755562864,-0.79306308,-0.636282809,-0.752429872,-0.723736019,-0.806183295,-0.839352008,-0.764914799,-0.722462077,-0.788780832,-0.767294482,-0.771805737
AFFX-LysX-5_at,-0.812783205,-0.758265083,-0.839064463,-0.784709737,-0.7755864,-0.713315404,-0.777728613,-0.79610824,-0.815904802,-0.698451985,-0.728398854,-0.612644095,-0.755978773,-0.775467814,-0.762200776,-0.772811072,-0.818883228,-0.697618426,-0.693930366,-0.862045503,-0.645188648,-0.674705947,-0.71325855,-0.812765846,-0.70922121,-0.722918664,-0.755562864,-0.79306308,-0.636282809,-0.752429872,-0.723736019,-0.806183295,-0.839352008,-0.764914799,-0.722462077,-0.788780832,-0.767294482,-0.771805737
AFFX-LysX-M_at,-0.812783205,-0.758265083,-0.839064463,-0.784709737,-0.7755864,-0.713315404,-0.777728613,-0.79610824,-0.815904802,-0.698451985,-0.728398854,-0.612644095,-0.755978773,-0.775467814,-0.762200776,-0.772811072,-0.871949901,-0.697618426,-0.693930366,-0.862045503,-0.654408439,-0.674705947,-0.71325855,-0.182100545,-0.70922121,-0.722918664,-0.755562864,-0.79306308,-0.636282809,-0.752429872,-0.723736019,-0.806183295,-0.839352008,-0.764914799,-0.722462077,-0.788780832,-0.767294482,-0.771805737
AFFX-LysX-3_at,-0.3839665,-0.758265083,-0.123659112,0.002573352,-0.7755864,-0.713315404,-0.777728613,0.046949065,-0.769453953,-0.698451985,-0.728398854,-0.612644095,-0.394795561,-0.775467814,-0.762200776,-0.482185875,-0.871949901,-0.697618426,-0.693930366,-0.862045503,-0.654408439,-0.674705947,-0.71325855,-0.812765846,-0.70922121,-0.722918664,-0.755562864,-0.544809309,-0.636282809,-0.296031005,-0.52992734,-0.718790718,-0.103025192,-0.309245528,-0.722462077,-0.788780832,-0.62994264,-0.771805737
AFFX-PheX-5_at,-0.812783205,-0.758265083,-0.839064463,-0.784709737,-0.7755864,-0.713315404,-0.777728613,-0.79610824,-0.815904802,-0.698451985,-0.728398854,-0.612644095,-0.755978773,-0.775467814,-0.762200776,-0.772811072,-0.871949901,-0.697618426,-0.693930366,-0.862045503,-0.654408439,-0.674705947,-0.71325855,-0.812765846,-0.70922121,-0.722918664,-0.755562864,-0.79306308,-0.636282809,-0.752429872,-0.723736019,-0.806183295,-0.839352008,-0.764914799,-0.722462077,-0.788780832,-0.767294482,-0.771805737
AFFX-PheX-M_at,-0.812783205,-0.758265083,-0.839064463,-0.784709737,-0.7755864,-0.713315404,-0.777728613,-0.79610824,-0.815904802,-0.698451985,-0.728398854,-0.612644095,-0.755978773,-0.775467814,-0.762200776,-0.772811072,-0.871949901,-0.697618426,-0.693930366,-0.862045503,-0.654408439,-0.674705947,-0.71325855,-0.812765846,-0.70922121,-0.722918664,-0.755562864,-0.79306308,-0.636282809,-0.752429872,-0.723736019,-0.806183295,-0.839352008,-0.764914799,-0.722462077,-0.788780832,-0.767294482,-0.771805737
AFFX-PheX-3_at,-0.812783205,-0.758265083,-0.839064463,-0.784709737,-0.7755864,-0.713315404,-0.777728613,-0.79610824,-0.815904802,-0.698451985,-0.728398854,-0.612644095,-0.755978773,-0.775467814,-0.762200776,-0.772811072,-0.871949901,-0.697618426,-0.693930366,-0.862045503,-0.654408439,-0.301505688,-0.71325855,-0.812765846,-0.70922121,-0.722918664,-0.755562864,-0.79306308,-0.636282809,-0.752429872,-0.723736019,-0.806183295,-0.839352008,-0.764914799,-0.722462077,-0.788780832,-0.767294482,-0.771805737
AFFX-ThrX-5_at,-0.812783205,-0.758265083,-0.839064463,-0.784709737,-0.7755864,-0.713315404,-0.777728613,-0.79610824,-0.530773635,-0.698451985,-0.728398854,-0.612644095,-0.755978773,-0.775467814,-0.762200776,-0.772811072,-0.871949901,-0.697618426,-0.693930366,-0.862045503,-0.654408439,-0.674705947,-0.71325855,-0.812765846,-0.70922121,-0.722918664,-0.755562864,-0.79306308,-0.636282809,-0.752429872,-0.723736019,-0.806183295,-0.839352008,-0.764914799,-0.722462077,-0.788780832,-0.767294482,-0.771805737
AFFX-ThrX-M_at,-0.812783205,-0.758265083,-0.839064463,-0.784709737,-0.7755864,-0.713315404,-0.777728613,-0.79610824,-0.815904802,-0.698451985,-0.728398854,-0.612644095,-0.755978773,-0.775467814,-0.762200776,-0.772811072,-0.871949901,-0.697618426,-0.693930366,-0.862045503,-0.654408439,-0.674705947,-0.71325855,-0.812765846,-0.70922121,-0.722918664,-0.755562864,-0.79306308,-0.636282809,-0.752429872,-0.723736019,-0.806183295,-0.839352008,-0.764914799,-0.722462077,-0.788780832,-0.767294482,-0.771805737
AFFX-ThrX-3_at,-0.812783205,-0.758265083,-0.839064463,-0.784709737,-0.7755864,-0.713315404,-0.777728613,-0.79610824,-0.815904802,-0.698451985,-0.728398854,-0.612644095,-0.755978773,-0.775467814,-0.762200776,-0.772811072,-0.871949901,-0.697618426,-0.693930366,-0.862045503,-0.654408439,-0.674705947,-0.71325855,-0.812765846,-0.70922121,-0.722918664,-0.755562864,-0.79306308,-0.636282809,-0.752429872,-0.723736019,-0.806183295,-0.839352008,-0.764914799,-0.722462077,-0.788780832,-0.767294482,-0.771805737
AFFX-TrpnX-5_at,-0.812783205,-0.758265083,-0.839064463,-0.784709737,-0.7755864,-0.713315404,-0.777728613,-0.79610824,-0.815904802,-0.698451985,-0.728398854,-0.612644095,-0.755978773,-0.775467814,-0.762200776,-0.772811072,-0.871949901,-0.697618426,-0.693930366,-0.862045503,-0.654408439,-0.674705947,-0.71325855,-0.812765846,-0.70922121,-0.722918664,-0.755562864,-0.79306308,-0.636282809,-0.752429872,-0.723736019,-0.806183295,-0.839352008,-0.764914799,-0.536882428,-0.788780832,-0.767294482,-0.4738607
AFFX-TrpnX-M_at,-0.812783205,-0.758265083,-0.839064463,-0.784709737,-0.7755864,-0.713315404,-0.777728613,-0.79610824,-0.815904802,-0.698451985,-0.728398854,-0.612644095,-0.755978773,-0.775467814,-0.762200776,-0.772811072,-0.871949901,-0.697618426,-0.693930366,-0.862045503,-0.654408439,-0.674705947,-0.71325855,-0.812765846,-0.70922121,-0.722918664,-0.755562864,-0.79306308,-0.636282809,-0.752429872,-0.723736019,-0.806183295,-0.839352008,-0.764914799,-0.722462077,-0.788780832,-0.767294482,-0.771805737
AFFX-TrpnX-3_at,-0.812783205,-0.758265083,-0.839064463,-0.784709737,-0.7755864,-0.713315404,-0.777728613,-0.79610824,-0.815904802,-0.698451985,-0.728398854,-0.612644095,-0.755978773,-0.775467814,-0.762200776,-0.772811072,-0.871949901,-0.697618426,-0.693930366,-0.862045503,-0.654408439,-0.674705947,-0.71325855,-0.812765846,-0.70922121,-0.722918664,-0.755562864,-0.79306308,-0.636282809,-0.752429872,-0.723736019,-0.806183295,-0.839352008,-0.764914799,-0.722462077,-0.788780832,-0.767294482,-0.771805737
AFFX-HUMISGF3A/M97935_5_at,-0.812783205,-0.758265083,-0.839064463,-0.784709737,-0.7755864,-0.713315404,-0.777728613,-0.79610824,-0.815904802,-0.698451985,-0.728398854,-0.612644095,-0.755978773,-0.775467814,-0.762200776,-0.772811072,-0.871949901,-0.697618426,-0.693930366,-0.862045503,-0.654408439,-0.674705947,-0.71325855,-0.812765846,-0.70922121,-0.722918664,-0.755562864,-0.79306308,-0.636282809,-0.752429872,-0.723736019,-0.806183295,0.225315881,-0.764914799,-0.722462077,-0.788780832,-0.767294482,-0.771805737
AFFX-HUMISGF3A/M97935_MA_at,-0.812783205,-0.758265083,-0.806705228,-0.784709737,-0.7755864,-0.713315404,-0.777728613,-0.79610824,-0.815904802,-0.698451985,-0.728398854,-0.612644095,-0.755978773,-0.775467814,0.728462504,-0.772811072,-0.871949901,-0.697618426,-0.693930366,-0.862045503,-0.654408439,-0.674705947,-0.71325855,-0.812765846,-0.70922121,-0.722918664,-0.755562864,-0.79306308,-0.636282809,-0.752429872,-0.723736019,-0.806183295,1.579790264,-0.764914799,-0.722462077,-0.171542825,1.35288361,-0.140909368
AFFX-HUMISGF3A/M97935_MB_at,-0.157308773,-0.634011824,0.448225242,-0.403130695,-0.603971901,-0.201014839,-0.777728613,0.020431591,-0.411879586,-0.305772292,-0.728398854,-0.612644095,-0.15883256,-0.242346441,0.952076077,-0.657172805,-0.10757404,-0.697618426,-0.481626739,0.261948241,-0.654408439,-0.674705947,-0.71325855,-0.481004132,-0.128994669,-0.722918664,-0.755562864,-0.557565022,-0.636282809,-0.507677313,-0.723736019,-0.632826655,1.463855824,-0.244890868,-0.722462077,-0.13173127,0.96863493,0.056769419
AFFX-HUMISGF3A/M97935_3_at,0.964637139,0.468668869,1.380798799,0.454359756,0.583555264,0.569763769,0.402256002,0.724552885,0.792460004,0.915893456,0.123235226,-0.206511897,0.986424065,1.56553839,1.598300063,0.850153827,0.767791855,0.84955677,0.507929073,1.641366203,0.639325797,-0.276713136,0.951150019,0.81094415,1.101025458,0.701151245,0.714293455,0.790748454,0.019609752,0.423768817,0.215853003,0.593532467,2.137027844,0.389804903,0.503584312,0.795658832,1.409578205,0.940025664
AFFX-HUMRGE/M10098_5_at,3.451063158,0.762420022,2.492174686,2.59488349,1.427357136,2.662558073,3.681861812,2.380619134,3.064706315,-0.698451985,1.071908896,3.67333684,-0.755978773,1.1401307,2.768041662,-0.772811072,-0.871949901,1.281430746,-0.693930366,-0.862045503,-0.654408439,4.074967082,4.02778623,-0.812765846,2.79093911,-0.722918664,3.226242939,1.213496999,0.750079617,-0.752429872,3.188563935,2.502483913,1.20245054,0.639625283,2.149901833,0.62013377,1.791363851,1.051743548
AFFX-HUMRGE/M10098_M_at,3.107915667,-0.641260122,2.038715275,1.942642991,2.078676126,2.287767593,3.355088953,1.573779236,2.601303142,-0.698451985,-0.55529894,3.013668557,-0.755978773,0.752367011,2.78581486,-0.772811072,-0.871949901,1.388453526,-0.693930366,-0.862045503,-0.654408439,3.907608686,4.02778623,-0.812765846,2.234635275,-0.722918664,2.601825277,0.568725112,-0.636282809,-0.752429872,2.447450876,1.645756449,-0.839352008,-0.764914799,1.949782882,-0.578497146,1.514117389,0.646081965
AFFX-HUMRGE/M10098_3_at,2.994400677,1.518828403,2.132973764,2.041600551,0.217393177,2.168220246,3.681861812,1.422073643,3.119996193,-0.698451985,1.659188934,3.247668458,-0.755978773,1.783457323,2.007558223,-0.772811072,-0.871949901,0.240502911,-0.693930366,-0.862045503,-0.654408439,3.641728712,3.093452208,-0.812765846,2.662641336,-0.722918664,2.203333656,1.764415224,-0.636282809,-0.752429872,2.187913995,1.382599737,0.047366198,-0.651131101,1.332259434,-0.788780832,1.027935015,1.798646942
AFFX-HUMGAPDH/M33197_5_at,3.482179733,3.490534707,3.348231653,3.573285455,3.528548937,3.885925527,3.399662723,3.014300177,3.229925862,3.848941669,3.689546126,4.310070544,3.24117982,3.622690172,3.483932952,3.360602794,3.108658565,4.043117627,3.741597531,2.768816595,-0.069483809,3.938633887,4.02778623,3.260345408,3.841444526,2.991147194,3.4167225,3.511897114,4.019480033,3.386666328,3.684245874,3.417037232,3.256951181,3.642317947,3.638068226,3.278946385,3.444328853,3.629149334
AFFX-HUMGAPDH/M33197_M_at,3.222017498,3.352506065,3.348231653,3.341968857,3.550472615,3.885925527,3.438179433,2.432053848,3.206978735,3.848941669,3.689546126,4.310070544,3.207116817,3.349664241,3.378762159,3.524157818,2.946223106,4.043117627,3.854112135,2.632717907,-0.654408439,3.746998751,4.02778623,3.178263178,3.839761725,3.220089449,3.151647279,3.299305387,4.098151176,3.291053373,3.664813699,3.208911148,3.126786254,3.51769559,3.256122868,3.278946385,3.393036841,3.575090167
AFFX-HUMGAPDH/M33197_3_at,3.533116772,3.490534707,3.348231653,3.634133788,3.604447034,3.885925527,3.681861812,3.24148992,3.229925862,3.848941669,3.689546126,4.310070544,3.302825422,3.622690172,3.483932952,3.706255446,3.108266302,4.043117627,3.968220931,2.921948503,3.028750234,4.074967082,4.02778623,3.557627844,3.841444526,3.795937441,3.80961557,3.511897114,4.098151176,3.386666328,3.684245874,3.400390457,3.256951181,3.642317947,4.013997104,3.278946385,3.444328853,3.629149334
AFFX-HSAC07/X00351_5_at,3.533116772,3.490534707,3.348231653,3.621526957,3.604447034,3.885925527,3.537503273,3.594246319,3.229925862,3.848941669,3.689546126,4.003484146,3.475880725,3.622690172,3.483932952,3.597751219,3.057934515,4.043117627,3.505640749,2.624106349,0.958274989,3.492651055,4.02778623,3.257757138,3.273869732,3.130635501,3.606353237,3.496165745,3.502149948,3.386666328,3.684245874,3.443840183,3.256951181,3.441389312,3.539981782,3.278946385,3.444328853,3.553480292
AFFX-HSAC07/X00351_M_at,3.533116772,3.490534707,3.348231653,3.634133788,3.604447034,3.885925527,3.622570038,3.594246319,3.229925862,3.848941669,3.689546126,4.310070544,3.554406028,3.622690172,3.483932952,3.706255446,3.108658565,4.043117627,3.8092178,2.94188618,-0.654408439,3.730326097,4.02778623,3.557627844,3.653883706,3.734189206,3.862292787,3.511897114,3.866520638,3.386666328,3.684245874,3.443840183,3.256951181,3.61754443,3.820287276,3.278946385,3.444328853,3.586152192
AFFX-HSAC07/X00351_3_at,3.520935219,3.490534707,3.348231653,3.532975989,3.604447034,3.885925527,3.681861812,3.594246319,3.214481308,3.848941669,3.689546126,4.310070544,3.554406028,3.594785215,3.431441543,3.706255446,3.108658565,4.043117627,3.834665565,2.914600233,4.048152763,3.685303139,4.02778623,3.557627844,3.794862184,3.795937441,3.862292787,3.43393571,3.614696719,3.386666328,3.684245874,3.443840183,3.197237616,3.61670635,4.013997104,3.278946385,3.358852684,3.528948739
AFFX-HUMTFRR/M11507_5_at,0.01850026,0.610601647,0.651519066,-0.25854496,0.146263054,0.098740473,-0.306308168,0.573370706,0.22922452,-0.698451985,0.116665374,0.224324484,-0.238100106,-0.373594787,-0.303616128,-0.514517126,0.374534129,0.340971226,-0.245111462,-0.05375863,-0.654408439,0.305442312,0.429948428,-0.027170171,0.350377072,-0.240041521,-0.380587947,0.85874464,0.969152418,0.396319579,0.339159586,0.350521948,0.788003442,0.302893378,0.643136371,0.004331639,0.965555713,1.636239982
AFFX-HUMTFRR/M11507_M_at,-0.812783205,-0.402242308,-0.839064463,-0.784709737,-0.7755864,-0.713315404,-0.777728613,-0.79610824,-0.815904802,-0.698451985,-0.728398854,-0.612644095,-0.755978773,-0.775467814,-0.762200776,-0.772811072,-0.474437912,-0.697618426,-0.693930366,-0.573284584,-0.654408439,-0.674705947,-0.71325855,-0.812765846,-0.002249188,-0.722918664,-0.755562864,0.438252333,0.596732255,-0.752429872,-0.723736019,-0.806183295,0.449922593,-0.764914799,0.158448001,-0.788780832,0.874343419,1.328565354
AFFX-HUMTFRR/M11507_3_at,0.122236879,0.11852237,-0.322631006,0.047233309,0.134317794,0.009404226,-0.475813957,-0.675205094,0.11877534,0.343739831,-0.086696638,0.035123558,-0.330666406,0.45988702,0.108144594,-0.397493389,-0.050506733,0.759813899,-0.297286817,-0.134429698,-0.089411057,-0.211737489,-0.051836987,-0.812765846,0.912184884,-0.31563467,-0.120336271,0.884956357,1.317437047,0.446583103,0.341710361,0.173073458,1.332272044,0.364159293,0.394602372,0.070088243,1.589679395,2.186469307
AFFX-M27830_5_at,2.794085426,1.835161622,2.051972465,2.193311354,1.317094047,2.608082761,3.04613709,2.452934326,2.463032042,-0.698451985,1.646769121,3.021710435,-0.755978773,0.816801485,2.017574443,-0.582965716,-0.871949901,2.3747851,-0.352605008,0.005057221,-0.654408439,3.36811961,3.314110994,-0.04111593,3.333971645,0.318280374,2.74396656,1.615153903,0.28682202,-0.15123017,2.453517523,1.748511555,0.90672159,0.732668669,1.939606627,0.79120607,1.551490223,2.415232924
AFFX-M27830_M_at,2.769505727,2.292295551,2.057906357,1.997457736,1.25864142,2.742392405,2.061895969,2.504938232,2.107879666,0.799200582,2.375936177,3.451005656,1.102558083,1.716726513,2.233149484,1.348238907,0.853139141,3.147553986,1.408316601,0.794740339,1.695471198,3.453597746,3.626351865,1.228326473,3.391963613,2.094443474,2.528009864,1.984816065,1.488092044,1.678021994,2.693585356,2.062978498,1.406506757,1.936513528,2.59052371,1.74867019,2.347925983,2.877795938
AFFX-M27830_3_at,1.28897399,0.815172793,0.998153677,0.662383973,0.518635103,0.209987811,0.975028385,1.251877524,0.777478986,1.135139216,1.051870899,0.629810257,0.327196824,1.10126309,0.316433066,1.239689899,1.186655065,1.1656375,1.22542479,0.725928973,1.200125521,1.05076469,0.508938898,1.051129698,1.512878093,1.128583855,0.748029869,1.296151035,0.314160576,0.388304207,0.541104513,1.071109588,1.454968231,1.338452334,1.468421471,1.062320881,1.145987194,0.579344924
AFFX-HSAC07/X00351_3_st,2.094527996,2.139748386,1.993364065,1.697841586,0.937643504,1.823853821,2.468971832,1.259947217,2.671461306,1.02699627,1.712457185,2.041470194,1.119525952,2.409984402,1.756216749,1.650645452,1.72603655,2.622642538,1.605441026,1.330927439,1.01654994,1.627934519,1.993029847,-0.435370578,1.761566422,1.121880804,2.672835645,1.269733153,0.419158601,1.44188057,1.702094327,1.49763549,1.444076959,1.59880343,1.886421314,1.396531598,1.349653368,1.240359085
AFFX-HUMGAPDH/M33197_5_st,-0.063114385,-0.758265083,-0.076500293,-0.784709737,-0.7755864,-0.713315404,-0.777728613,-0.79610824,-0.134781385,-0.698451985,-0.107775179,-0.225847284,-0.755978773,-0.775467814,-0.762200776,-0.772811072,-0.871949901,-0.21858824,-0.693930366,-0.862045503,-0.654408439,-0.346538766,-0.641364315,-0.812765846,0.197832967,-0.722918664,-0.755562864,0.190911864,-0.636282809,0.066635863,-0.348716533,-0.806183295,0.475649893,-0.124768525,-0.722462077,-0.412075201,0.351401455,0.568321637
AFFX-HUMGAPDH/M33197_M_st,-0.575045583,0.164249682,0.527491409,-0.784709737,-0.7755864,0.288294126,-0.306308168,-0.79610824,0.68236848,-0.698451985,0.533191713,-0.047918342,-0.755978773,0.385996465,-0.318251742,-0.011272325,-0.871949901,0.561621003,-0.693930366,-0.184318159,-0.266439268,0.586907331,-0.051836987,-0.778991642,0.560306635,-0.722918664,-0.755562864,0.359192501,-0.636282809,0.365846886,-0.354374782,-0.130828816,0.940337761,0.100825928,0.427837711,0.466785701,0.654897468,0.582988432
AFFX-HUMGAPDH/M33197_3_st,0.640751772,0.637894467,0.983788923,0.24686115,-0.618237205,0.86710982,0.572727271,0.182627977,0.780712989,-0.077386932,0.573129966,1.233770386,-0.494829614,0.410598445,0.47165666,-0.143601171,-0.348151633,0.647336161,0.114111512,0.025975346,-0.618067259,0.690359504,0.268381204,-0.812765846,1.23975519,-0.132871564,0.253108434,0.503239339,-0.636282809,0.051560434,0.250483695,0.133125613,0.350967109,0.785223455,0.449354756,0.480061286,0.417658924,0.957905752
AFFX-HSAC07/X00351_5_st,-0.812783205,-0.243248118,-0.561456456,-0.784709737,-0.7755864,0.501250802,-0.777728613,-0.79610824,-0.600644377,-0.698451985,-0.728398854,-0.460356768,-0.755978773,-0.775467814,-0.762200776,-0.772811072,-0.871949901,-0.697618426,-0.693930366,-0.862045503,-0.654408439,-0.674705947,-0.71325855,-0.812765846,-0.70922121,-0.722918664,-0.755562864,-0.79306308,-0.636282809,-0.268537698,0.050998276,-0.806183295,-0.839352008,-0.764914799,-0.722462077,-0.04481756,-0.767294482,-0.771805737
AFFX-HSAC07/X00351_M_st,0.22500869,0.439153241,0.835353708,0.635540128,-0.7755864,1.056563793,0.540000557,1.256728368,0.590904547,-0.152097477,0.065744355,0.423421467,-0.346250473,0.756814937,-0.040265671,-0.341617488,0.22896869,0.679962406,-0.291341042,-0.862045503,-0.654408439,0.739124497,0.493666121,0.59695266,0.115952339,0.071302565,0.941956709,0.359192501,-0.215491754,0.577907078,0.8193486,0.436434692,1.029548601,0.277123223,1.008488128,0.752324216,0.738734378,1.06017281
A28102_at,-0.459891386,0.051267933,-0.839064463,0.588275634,-0.632742273,0.186792529,0.559398849,1.077292877,-0.815904802,-0.10467861,-0.417042815,0.627112175,-0.755978773,-0.108090154,-0.762200776,0.035856235,-0.818883228,-0.697618426,0.606699308,0.528110323,-0.654408439,-0.458416782,0.328466602,-0.145623626,0.577550478,-0.524235104,0.681135858,-0.248617603,0.442927057,0.340621446,0.649456124,0.329212545,-0.06813417,0.255941917,0.727754913,-0.788780832,-0.01023841,0.331704057
AB000114_at,-0.812783205,-0.758265083,-0.839064463,-0.784709737,-0.7755864,-0.713315404,-0.777728613,-0.79610824,-0.815904802,-0.698451985,-0.728398854,-0.612644095,-0.755978773,-0.775467814,-0.762200776,-0.772811072,-0.871949901,-0.697618426,-0.693930366,-0.862045503,-0.654408439,-0.674705947,-0.195839006,-0.812765846,-0.322062559,-0.722918664,-0.755562864,-0.79306308,-0.636282809,-0.752429872,-0.723736019,-0.806183295,-0.839352008,-0.764914799,-0.722462077,-0.788780832,-0.767294482,-0.771805737
AB000115_at,0.071938498,0.008829013,0.213179636,-0.640599913,-0.190422286,-0.713315404,-0.321860909,0.14265087,-0.271353175,-0.588944073,-0.297765174,-0.015938748,-0.667344996,-0.34149473,-0.298793936,-0.4268165,-0.39796707,-0.064265131,0.051005571,1.452698035,-0.054814669,-0.674705947,-0.079864009,0.104090454,1.753550321,-0.638055957,-0.230907477,-0.147717929,-0.608708542,-0.04184001,-0.034991795,0.36512232,1.234601148,-0.14154954,0.422380032,-0.788780832,0.218435122,-0.771805737
AB000220_at,-0.812783205,-0.758265083,-0.839064463,-0.784709737,-0.7755864,-0.713315404,-0.777728613,-0.79610824,-0.815904802,-0.698451985,-0.728398854,-0.612644095,-0.755978773,-0.775467814,-0.762200776,-0.772811072,-0.871949901,-0.697618426,-0.693930366,-0.862045503,-0.654408439,-0.674705947,-0.71325855,-0.812765846,-0.70922121,-0.722918664,-0.316607589,-0.79306308,-0.636282809,-0.752429872,-0.723736019,-0.259916811,-0.839352008,-0.764914799,-0.722462077,-0.788780832,-0.767294482,-0.771805737
AB000409_at,-0.812783205,-0.758265083,-0.549753356,-0.784709737,-0.030885432,-0.713315404,-0.777728613,-0.79610824,-0.503376413,-0.698451985,-0.728398854,-0.358161302,-0.755978773,-0.775467814,-0.445582711,-0.772811072,-0.696931834,-0.697618426,-0.693930366,-0.862045503,-0.654408439,-0.674705947,-0.71325855,0.248631021,-0.70922121,-0.722918664,-0.755562864,-0.79306308,-0.636282809,0.329876133,-0.723736019,-0.806183295,-0.839352008,-0.254486441,-0.722462077,0.391398386,-0.767294482,-0.771805737
AB000449_at,-0.812783205,-0.318976391,0.215481046,0.092897315,0.203628432,0.049332416,-0.540453895,-0.79610824,0.093704698,-0.05964363,0.248022828,-0.168960376,1.17463063,0.218873945,0.580978838,-0.575876967,0.145688701,-0.229842632,0.268156803,0.70861412,0.897824341,-0.674705947,-0.439857127,0.336846059,-0.052541932,0.209597936,-0.138626156,-0.303957155,-0.08279107,-0.752429872,-0.565382798,-0.806183295,-0.083807006,-0.764914799,-0.633512852,-0.788780832,-0.530639279,-0.681309578
AB000450_at,-0.281380057,-0.102003674,-0.127133032,-0.004505372,-0.240009519,-0.713315404,-0.173059934,0.687995409,-0.057261501,-0.698451985,-0.728398854,-0.612644095,-0.086335773,-0.69287178,-0.153498731,-0.268896238,0.371326233,-0.224198487,-0.693930366,-0.346276536,-0.146529386,-0.674705947,-0.676619971,-0.203053691,-0.70922121,-0.722918664,-0.628394712,-0.79306308,-0.636282809,-0.305405332,0.185900445,-0.703836493,-0.726546554,0.245154318,0.165682615,-0.734552754,-0.543212976,-0.771805737
AB000460_at,1.586191772,1.767490323,1.631340081,1.877622103,1.621548623,1.647983854,1.754215445,2.120096151,1.617557143,1.671268568,1.928880176,1.973111972,1.890615928,1.715748958,1.641961166,1.744083842,1.839435871,1.689646418,1.802270124,1.608796958,1.794196082,2.050858518,1.767932382,1.87600196,1.659653545,1.675733799,2.107232276,1.819185312,1.489048334,1.589743922,1.851268842,1.440089015,1.855327929,1.999208101,1.883566431,1.599356445,1.736766978,1.746551367
AB000462_at,-0.543208992,-0.229781233,-0.839064463,-0.784709737,-0.16028846,-0.713315404,-0.777728613,-0.79610824,-0.815904802,-0.698451985,-0.728398854,0.472173427,0.371116401,-0.548102304,-0.145453977,-0.772811072,-0.871949901,-0.410395987,-0.693930366,-0.215294365,0.001644294,0.925797452,-0.71325855,0.478607285,-0.446798359,-0.722918664,-0.322241607,0.244990928,-0.636282809,0.307951223,-0.723736019,-0.806183295,-0.160101509,-0.530425798,-0.722462077,-0.073848727,-0.36695406,-0.771805737
AB000464_at,0.971059461,0.935228579,1.82129165,1.566722209,0.233626218,1.112636727,0.45996962,1.257534204,1.340238872,0.10809931,0.972947941,1.171074239,1.16848574,0.867713948,0.661025306,0.903244981,1.028504949,1.28925691,1.224287181,1.03581399,0.028634007,1.208470505,1.341383214,1.332075027,0.699147776,1.127470178,1.446708634,0.969739303,0.606630082,0.986173029,1.276146895,1.354527353,1.143773132,1.054850407,1.030142475,0.625642349,1.025068525,0.121032412
AB000466_at,-0.812783205,-0.758265083,-0.839064463,-0.784709737,-0.7755864,-0.713315404,-0.777728613,-0.79610824,-0.815904802,-0.698451985,-0.728398854,-0.612644095,-0.755978773,-0.775467814,-0.762200776,-0.772811072,-0.871949901,-0.697618426,-0.693930366,-0.862045503,-0.654408439,-0.674705947,-0.71325855,-0.812765846,-0.70922121,-0.722918664,-0.755562864,-0.79306308,-0.636282809,-0.752429872,-0.723736019,-0.806183295,-0.839352008,-0.764914799,-0.722462077,-0.788780832,-0.767294482,-0.771805737
AB000467_at,-0.812783205,-0.758265083,-0.839064463,-0.784709737,-0.7755864,-0.713315404,-0.777728613,-0.79610824,-0.815904802,-0.698451985,-0.728398854,-0.612644095,-0.755978773,-0.775467814,-0.762200776,-0.772811072,-0.871949901,-0.697618426,-0.693930366,-0.862045503,-0.654408439,-0.674705947,-0.71325855,-0.812765846,-0.70922121,-0.722918664,-0.755562864,-0.79306308,-0.636282809,-0.752429872,-0.723736019,-0.806183295,-0.839352008,-0.764914799,-0.722462077,-0.788780832,-0.767294482,-0.771805737
AB000468_at,0.325866968,0.005473605,0.222347005,0.067097553,0.701918298,-0.626943095,0.222093136,-0.046010072,0.932129324,0.043936634,2.04998872,-0.612644095,1.144358593,0.934071158,1.376649375,0.350284641,0.376133171,1.135939943,0.877080723,0.748118797,1.342600838,1.62392996,0.142707284,0.699495559,-0.70922121,0.187455795,-0.755562864,0.455945097,0.898092414,-0.752429872,-0.633095368,-0.639662728,0.229620562,-0.764914799,-0.722462077,0.609001713,0.056953612,0.693766876
AB000584_at,-0.812783205,-0.758265083,-0.839064463,-0.784709737,-0.7755864,-0.713315404,-0.520557793,-0.79610824,-0.815904802,-0.698451985,-0.728398854,-0.612644095,-0.755978773,-0.775467814,-0.762200776,-0.772811072,-0.871949901,-0.697618426,-0.693930366,-0.862045503,-0.654408439,-0.400806959,-0.71325855,-0.812765846,-0.656974266,-0.722918664,-0.755562864,-0.79306308,-0.636282809,-0.752429872,-0.723736019,-0.806183295,-0.839352008,-0.764914799,-0.592027779,-0.788780832,1.15175864,1.774601907
AB000895_at,-0.812783205,-0.758265083,-0.839064463,-0.784709737,-0.7755864,-0.713315404,-0.777728613,-0.79610824,-0.815904802,-0.698451985,-0.728398854,-0.612644095,-0.755978773,-0.775467814,-0.762200776,-0.772811072,-0.871949901,-0.191031576,-0.693930366,0.163773723,-0.654408439,-0.674705947,-0.71325855,-0.812765846,-0.70922121,-0.722918664,-0.755562864,-0.79306308,-0.636282809,-0.752429872,-0.723736019,-0.806183295,-0.839352008,-0.764914799,-0.722462077,-0.788780832,-0.767294482,-0.771805737
AB000896_at,-0.812783205,-0.758265083,-0.839064463,-0.784709737,-0.7755864,-0.713315404,-0.777728613,-0.79610824,-0.815904802,-0.698451985,-0.728398854,-0.612644095,-0.755978773,-0.775467814,-0.762200776,-0.772811072,-0.871949901,-0.697618426,-0.693930366,-0.862045503,-0.654408439,-0.674705947,-0.71325855,-0.812765846,-0.70922121,-0.722918664,-0.755562864,-0.79306308,-0.636282809,-0.752429872,-0.723736019,-0.806183295,-0.839352008,-0.764914799,-0.722462077,-0.788780832,-0.767294482,-0.681309578
AB000897_at,-0.812783205,-0.758265083,-0.839064463,-0.784709737,-0.7755864,-0.713315404,-0.777728613,-0.79610824,-0.815904802,-0.698451985,-0.728398854,-0.612644095,-0.755978773,-0.775467814,-0.762200776,-0.772811072,-0.871949901,-0.697618426,-0.693930366,-0.862045503,-0.654408439,-0.674705947,-0.71325855,-0.812765846,-0.70922121,-0.722918664,-0.755562864,-0.79306308,-0.636282809,-0.752429872,-0.723736019,-0.806183295,-0.839352008,-0.764914799,-0.722462077,-0.788780832,-0.767294482,-0.771805737
AB000905_at,-0.437503035,-0.532205585,-0.019577399,-0.663022052,-0.7755864,-0.713315404,-0.29609053,-0.631209264,-0.815904802,-0.698451985,-0.513506856,-0.612644095,-0.652178382,-0.775467814,-0.762200776,-0.772811072,-0.871949901,-0.543010861,-0.291341042,-0.495846223,-0.349281741,-0.366522389,-0.566591297,-0.103042143,-0.420424334,-0.722918664,0.120820907,-0.489669679,-0.636282809,-0.752429872,-0.723736019,-0.741735013,-0.300329762,-0.314399196,-0.650637378,-0.788780832,-0.476302544,-0.271793402
AB001106_at,0.272111177,0.46479306,0.643350141,0.030326404,0.724974821,-0.434665594,0.133259277,0.139723406,0.383116684,0.54367812,0.649686344,0.182509396,0.972112642,0.03575297,0.116966974,0.592981642,-0.137744278,-0.13824334,0.467320515,0.726829294,1.216261974,0.324940186,0.493666121,0.188860334,-0.238722224,-0.255708515,0.270950008,0.077265383,0.090719323,0.312383612,0.328880909,0.105394126,0.589143142,0.110386287,0.98781379,-0.225251584,-0.01023841,0.499066383
AB001325_at,1.277867406,1.118487281,1.600615289,1.285495497,0.615133099,1.661271824,1.513817349,1.684810341,1.530085452,1.155737996,1.283803736,1.204419892,1.141634996,1.302554068,0.307162634,1.092749323,0.755085929,0.983821749,1.376081047,0.801286385,0.840565583,1.282994553,1.237419304,1.012716041,1.206503558,0.938208765,1.744737657,1.226145718,0.702452217,0.372033193,1.278748608,1.327449241,1.565562044,1.227653168,1.586437625,1.019825967,1.185568961,1.476086247
AB002314_at,-0.812783205,-0.758265083,-0.839064463,-0.784709737,-0.7755864,-0.713315404,-0.777728613,-0.79610824,-0.815904802,-0.698451985,-0.728398854,-0.612644095,-0.755978773,-0.775467814,-0.762200776,-0.772811072,-0.871949901,-0.697618426,-0.693930366,-0.862045503,-0.654408439,-0.674705947,-0.71325855,-0.812765846,-0.70922121,-0.722918664,-0.469119363,-0.79306308,-0.636282809,-0.752429872,-0.723736019,-0.806183295,-0.839352008,-0.764914799,-0.722462077,-0.788780832,-0.767294482,-0.771805737
AB002315_at,-0.421087728,0.236165664,0.070096401,-0.02974419,-0.263526811,-0.713315404,-0.777728613,-0.486696644,0.266992774,-0.698451985,0.376929245,-0.612644095,-0.052283237,-0.390101999,-0.451332891,-0.501442154,0.099343522,-0.153768958,-0.693930366,0.023679732,-0.151900887,-0.674705947,-0.71325855,-0.523018895,-0.376057932,-0.60625313,-0.755562864,-0.053998095,0.233297124,0.786583982,-0.723736019,0.193624536,-0.420620208,-0.510763286,-0.722462077,0.160822599,-0.436370878,0.039930957
AB002318_at,1.228001221,1.332432111,1.265011633,1.459186547,0.160965815,1.216416022,1.280876893,1.390884541,1.273536788,1.335540438,1.667001177,0.936736081,0.963184225,1.211248388,0.779018247,1.22788007,1.151195822,0.673527686,1.130909614,1.401084268,1.315362506,0.976842271,0.666547226,1.413695524,0.906285835,1.117383903,1.919235803,1.571905969,-0.636282809,1.142410086,1.287365129,1.15969589,1.256548516,1.511801753,1.092244792,1.344524484,0.901442907,1.26967175
AB002365_at,-0.812783205,-0.758265083,-0.63539139,-0.686036914,-0.7755864,-0.382867306,-0.777728613,-0.183611351,-0.815904802,-0.698451985,-0.728398854,-0.612644095,-0.755978773,-0.775467814,-0.762200776,-0.772811072,-0.324382254,-0.697618426,-0.693930366,-0.145872936,-0.654408439,-0.674705947,-0.71325855,-0.795713174,-0.70922121,-0.722918664,-0.089187812,-0.79306308,-0.636282809,-0.395007765,-0.723736019,-0.806183295,-0.839352008,-0.764914799,-0.722462077,-0.788780832,-0.767294482,-0.771805737
AB002366_at,-0.621704123,-0.758265083,-0.839064463,-0.784709737,-0.7755864,-0.713315404,-0.777728613,-0.79610824,-0.815904802,-0.698451985,-0.728398854,-0.612644095,-0.755978773,-0.775467814,-0.762200776,-0.772811072,-0.672226501,-0.697618426,-0.693930366,-0.862045503,-0.654408439,-0.674705947,-0.71325855,-0.812765846,-0.70922121,-0.722918664,-0.755562864,-0.79306308,-0.636282809,-0.752429872,-0.723736019,-0.806183295,-0.839352008,-0.764914799,-0.722462077,-0.788780832,-0.767294482,-0.771805737
AB002380_at,-0.812783205,-0.758265083,-0.839064463,-0.784709737,-0.7755864,-0.713315404,-0.777728613,-0.79610824,-0.815904802,-0.698451985,-0.728398854,-0.612644095,-0.755978773,-0.775467814,-0.762200776,-0.772811072,-0.871949901,-0.697618426,-0.693930366,0.112470925,0.755569412,-0.295245704,-0.71325855,-0.812765846,-0.70922121,-0.722918664,-0.702544501,-0.79306308,-0.636282809,-0.752429872,-0.723736019,-0.639662728,-0.839352008,-0.764914799,-0.722462077,-0.788780832,-0.767294482,-0.771805737
AB002382_at,0.651660272,-0.117435876,0.420015495,0.637242334,0.637241511,0.771981662,0.315518657,1.222186969,0.273117112,0.285912833,0.755586434,0.565772442,0.707180368,0.541346029,0.647170653,0.039379371,0.443446381,0.511790352,0.194359407,0.86153043,0.289636446,1.295618294,-0.174607091,1.08219983,0.59864915,0.392522067,0.537115636,0.876703793,-0.093156304,-0.590255558,0.431179964,-0.495030634,0.888899381,1.021090537,0.832180269,0.728539232,0.70564635,1.249678852
AB002409_at,-0.454239183,-0.72543055,-0.839064463,-0.784709737,-0.7755864,-0.713315404,-0.777728613,-0.79610824,-0.815904802,-0.698451985,-0.728398854,-0.612644095,-0.755978773,-0.775467814,-0.133530052,-0.772811072,-0.871949901,-0.697618426,-0.693930366,-0.862045503,-0.654408439,-0.674705947,-0.71325855,-0.812765846,-0.538301047,-0.722918664,-0.755562864,-0.79306308,-0.636282809,-0.752429872,-0.723736019,-0.806183295,-0.839352008,-0.764914799,-0.722462077,-0.788780832,-0.767294482,-0.771805737
AB002559_at,0.922804124,1.591672001,1.161530473,1.272475767,1.042449451,1.391286537,1.30337702,1.520181655,1.094926014,1.50075126,0.916931465,1.34560296,0.930008389,1.14581336,1.115150275,0.870953167,1.713943125,1.371276456,1.062929546,1.031631737,-0.355971888,1.894564833,1.168991358,0.992846909,0.9922838,0.89586872,1.495520727,1.233178601,1.421678753,1.86422232,1.703157409,1.510898586,1.245039587,1.745538893,1.448583303,1.959395809,1.707849485,1.294831925
AB003102_at,0.648557712,0.916188367,0.959899255,0.850369333,0.970214585,1.135308408,0.576498551,1.208656842,0.882576253,0.627038054,1.548775669,0.465813012,1.092019442,0.915800578,1.09902594,0.611562211,1.050445666,0.949221379,0.451617243,1.022590403,0.440557894,0.905265789,0.84465316,0.968164805,0.506491355,0.432322413,0.914793763,0.706750313,0.801405071,0.815714133,1.02628405,0.69426183,0.778272404,0.921165424,0.503584312,0.883870269,1.255866657,0.807556896
AB003103_at,-0.812783205,-0.758265083,-0.555584155,-0.784709737,-0.375369468,-0.713315404,-0.488367126,-0.569146132,-0.815904802,-0.698451985,-0.17425795,-0.612644095,-0.03757624,-0.368161525,-0.645269235,-0.178907657,-0.023458209,-0.697618426,-0.693930366,0.270267056,0.129357289,-0.674705947,-0.676619971,-0.073344999,-0.70922121,-0.722918664,-0.719876285,-0.79306308,-0.636282809,-0.674698938,-0.723736019,-0.806183295,-0.621406168,-0.764914799,-0.449325091,-0.788780832,-0.767294482,-0.771805737
AB003177_at,0.704210847,0.962464984,1.096220673,0.847702629,1.210752952,0.873424991,1.009031962,0.773832883,1.241597978,0.730983667,1.411186915,0.040085,0.816599133,0.944851425,0.749327623,0.875054853,0.5463443,0.450992736,0.245312524,1.058119211,0.722620827,0.831509233,0.609380534,1.20631812,0.451698745,0.876877026,1.201247856,0.600485552,1.088069421,0.999606045,0.77410201,0.102569792,0.828866031,0.830639844,1.005562544,0.856561168,1.113936231,0.779029535
AB003698_at,-0.594731637,-0.256935179,0.3508311,-0.449270139,-0.009308528,-0.434665594,-0.693978897,-0.79610824,0.239896442,-0.050902025,0.300296107,-0.612644095,0.556569202,0.365334766,-0.106351163,-0.488558065,0.42114167,-0.159002043,-0.460011176,0.211788796,0.509021914,-0.674705947,-0.164169396,0.414790552,-0.70922121,-0.575547173,-0.386633757,-0.751677361,-0.636282809,-0.590255558,-0.723736019,-0.806183295,-0.839352008,-0.599381889,0.004851036,-0.34946418,-0.419828507,-0.771805737
AB004884_at,1.262072124,1.121152026,1.076223216,1.13222705,1.242972004,0.794573251,1.206029378,0.965174195,1.064616931,1.275241694,1.362131615,0.77701804,1.463268206,1.19534698,1.029264889,0.620707832,1.195696427,0.993039947,0.911318936,1.337728553,0.789339242,1.606921143,0.947999378,0.861688244,1.145170103,1.110595678,1.576159637,1.313316659,0.848155302,1.140810953,0.89663415,0.917184082,1.062337712,1.312645044,0.623488056,1.232366026,1.103552178,1.191294889
AB006190_at,1.086601988,0.938544121,1.076223216,0.795418718,0.892626739,0.565353915,0.877785783,1.26873779,0.743269443,0.602204849,0.838554062,0.958097421,0.897910361,0.820931448,0.365661849,0.688966285,0.758036388,1.040723827,0.925610618,0.813408226,0.514286595,1.085645651,0.819645364,0.931468032,0.816078411,0.806223274,1.264659183,0.928406665,0.451686384,0.986173029,0.789447606,0.744372707,0.874545849,1.095539206,1.193373181,0.724909814,0.707051681,0.768819031
AC000061_cds2_at,0.372165034,-0.102003674,0.70527476,0.982299734,0.058950846,0.156070152,1.229608069,-0.024472075,-0.104821172,0.167972766,0.026413175,0.594135861,-0.755978773,0.164959848,-0.182280614,0.352753298,0.264754633,0.116259487,0.602229133,-0.051213576,-0.654408439,0.625013933,0.116177517,0.711312305,0.017901147,0.275805652,1.225290031,0.247482087,-0.636282809,0.493927858,-0.723736019,0.111014378,0.713758521,0.258618007,0.038485685,0.376555459,-0.767294482,0.445368295
AC000061_cds3_at,-0.812783205,-0.758265083,-0.839064463,-0.784709737,-0.7755864,-0.713315404,-0.777728613,-0.79610824,-0.815904802,-0.698451985,-0.728398854,-0.612644095,-0.755978773,-0.775467814,-0.762200776,-0.772811072,-0.871949901,-0.697618426,-0.693930366,-0.862045503,-0.654408439,-0.674705947,-0.71325855,-0.812765846,-0.70922121,-0.722918664,-0.755562864,-0.79306308,-0.636282809,-0.752429872,-0.723736019,-0.806183295,-0.839352008,-0.764914799,-0.722462077,-0.788780832,-0.767294482,-0.771805737
AC000062_at,-0.812783205,-0.758265083,-0.839064463,-0.784709737,-0.7755864,-0.713315404,-0.777728613,-0.79610824,-0.815904802,-0.698451985,-0.728398854,-0.612644095,-0.755978773,-0.775467814,-0.762200776,-0.772811072,-0.871949901,-0.697618426,-0.693930366,-0.862045503,-0.654408439,-0.674705947,-0.71325855,-0.812765846,-0.70922121,-0.722918664,-0.755562864,-0.79306308,-0.636282809,-0.752429872,-0.723736019,-0.806183295,-0.839352008,-0.764914799,-0.722462077,-0.788780832,-0.767294482,-0.771805737
AC000064_cds1_at,0.040909536,0.734742352,0.41461708,0.452259205,0.414331781,-0.376595839,0.634736468,0.646566338,0.078274912,0.300723211,-0.129376814,0.610764151,0.165680957,0.78159752,0.367832143,0.193816385,0.126160818,0.293704658,0.063172888,0.268610663,0.27275836,0.413845151,0.432691937,1.07645893,0.119517562,-0.105751158,1.216999394,0.490260566,0.451686384,0.616861833,0.780272822,0.572815165,0.601424243,0.785223455,1.187363756,0.235651964,0.589594838,0.79055334
AC000064_cds2_at,-0.812783205,-0.464704527,-0.246807353,-0.479400421,-0.7755864,-0.441353619,-0.280983448,0.103798595,-0.31691876,-0.698451985,-0.381263757,-0.612644095,-0.325534621,-0.509000825,-0.343228162,-0.514517126,-0.871949901,-0.697618426,-0.693930366,-0.335061601,-0.440264638,-0.674705947,0.142707284,-0.8041973,-0.70922121,-0.722918664,-0.246373421,-0.184163395,-0.398736901,-0.728322969,-0.348716533,-0.352033141,-0.049719857,-0.747718386,0.318255506,-0.317672669,-0.419828507,-0.771805737
